mean_epoch_time_1Adam,mean_epoch_time_2Adam
14.688844785690307,2.749864010810852
