mean_epoch_time_1AdamW,mean_epoch_time_2AdamW
31.430529333114624,1.764611005783081
