mean_epoch_time_1QHAdam,mean_epoch_time_2QHAdam
37.327063249588015,1.6639797282218933
