mean_epoch_time_1AdamW,mean_epoch_time_2AdamW
39.141750334262845,1.7181874227523803
