mean_epoch_time_1Adam,mean_epoch_time_2Adam
12.92416909980774,1.8519550228118897
