mean_epoch_time_1QHAdam,mean_epoch_time_2QHAdam
42.35040980386734,2.932341306209564
