mean_epoch_time_1QHAdam,mean_epoch_time_2QHAdam
12.972291721820831,1.7669630801677705
