mean_epoch_time_1Adam,mean_epoch_time_2Adam
33.197754715442656,2.5296147429943083
