mean_epoch_time_1AdamW,mean_epoch_time_2AdamW
40.9001781873703,3.022440478801727
