mean_epoch_time_1QHAdam,mean_epoch_time_2QHAdam
31.43031026363373,4.217463232278824
