mean_epoch_time_1Adam,mean_epoch_time_2Adam
12.184172199249268,1.628858633041382
