mean_epoch_time_1AdamW,mean_epoch_time_2AdamW
38.9092900557518,1.725843173265457
