mean_epoch_time_1QHAdam,mean_epoch_time_2QHAdam
39.13974019575119,2.5606469428539276
