mean_epoch_time_1QHAdam,mean_epoch_time_2QHAdam
40.350245020866396,1.7027460539340973
