mean_epoch_time_1AdamW,mean_epoch_time_2AdamW
33.416921834945676,4.081452028751373
