mean_epoch_time_1Adam,mean_epoch_time_2Adam
39.69880075597763,1.6287998056411743
