mean_epoch_time_1Adam,mean_epoch_time_2Adam
12.153629700660705,1.7136856341362
