mean_epoch_time_1AdamW,mean_epoch_time_2AdamW
17.317564416885375,4.972610720396042
