mean_epoch_time_1Adam,mean_epoch_time_2Adam
37.989158684253695,3.027041939496994
