mean_epoch_time_1Adam,mean_epoch_time_2Adam
38.7800249876976,1.7035164439678192
