mean_epoch_time_1QHAdam,mean_epoch_time_2QHAdam
14.242730830192565,1.7616196763515473
