mean_epoch_time_1AdamW,mean_epoch_time_2AdamW
14.539418156147002,3.1562326526641846
