mean_epoch_time_1QHAdam,mean_epoch_time_2QHAdam
16.410873067378997,4.3470325124263764
