mean_epoch_time_1Adam,mean_epoch_time_2Adam
35.727937953472136,3.7288103461265565
