mean_epoch_time_1AdamW,mean_epoch_time_2AdamW
37.220393658638,2.6804672157764435
