mean_epoch_time_1Adam,mean_epoch_time_2Adam
31.428143438816072,1.6341297614574433
