mean_epoch_time_1QHAdam,mean_epoch_time_2QHAdam
13.736542591571808,2.499446213245392
