mean_epoch_time_1AdamW,mean_epoch_time_2AdamW
14.396309485912322,2.892543992996216
