mean_epoch_time_1AdamW,mean_epoch_time_2AdamW
12.811609945774078,1.674867570400238
