mean_epoch_time_1QHAdam,mean_epoch_time_2QHAdam
12.650162236690521,1.6981456172466278
