mean_epoch_time_1AdamW,mean_epoch_time_2AdamW
12.827549085617065,1.9035250914096833
