mean_epoch_time_1AdamW,mean_epoch_time_2AdamW
12.178475964546204,1.7314279472827911
