mean_epoch_time_1QHAdam,mean_epoch_time_2QHAdam
40.660940765857696,1.8303894782066346
