mean_epoch_time_1Adam,mean_epoch_time_2Adam
13.726225218772889,3.117847371101379
