mean_epoch_time_1Adam,mean_epoch_time_2Adam
15.28400597858429,4.609214507341385
