mean_epoch_time_1QHAdam,mean_epoch_time_2QHAdam
15.208715571403504,3.1692816734313967
